input_id,link,title,category,address,open_hours,popular_times,website,phone,plus_code,review_count,review_rating,reviews_per_rating,latitude,longitude,cid,status,descriptions,reviews_link,thumbnail,timezone,price_range,data_id,place_id,images,reservations,order_online,menu,owner,complete_address,about,user_reviews,user_reviews_extended,emails
82c38eb0-0b47-49bf-ba31-573e7db4e1a5,https://www.google.com/maps/place/FERRETERIA+PEPE+GURULLO/data=!4m7!3m6!1s0xd6fc140b162019d:0x16239fe1ff5d5f3a!8m2!3d37.5397865!4d-2.8424384!16s%2Fg%2F11xmk1q85p!19sChIJnQFisUDBbw0ROl9d_-GfIxY?authuser=0&hl=es&rclk=1,FERRETERIA PEPE GURULLO,Ferretería,"C. Cigerilla, 18811 Zújar, Granada",{},{},,,G5Q5+W2 Zújar,0,1.000000,"{""1"":0,""2"":0,""3"":0,""4"":0,""5"":0}",37.539786,-2.842438,1595294486020054842,,,,https://streetviewpixels-pa.googleapis.com/v1/thumbnail?panoid=B_F-UEicl-fNIijCTtPyxw&cb_client=search.gws-prod.gps&w=408&h=240&yaw=22.031326&pitch=0&thumbfov=100,Europe/Madrid,,0xd6fc140b162019d:0x16239fe1ff5d5f3a,ChIJnQFisUDBbw0ROl9d_-GfIxY,[],null,null,"{""link"":"""",""source"":""""}","{""id"":"""",""name"":""FERRETERIA PEPE GURULLO (propietario)"",""link"":""""}","{""borough"":"""",""street"":""C. Cigerilla"",""city"":""Zújar"",""postal_code"":""18811"",""state"":""Granada"",""country"":""ES""}",null,[],null,
82c38eb0-0b47-49bf-ba31-573e7db4e1a5,https://www.google.com/maps/place/Ferreteria/data=!4m7!3m6!1s0xd72f7f339cae92b:0x91a87ec53f55842f!8m2!3d36.7509707!4d-4.4209692!16s%2Fg%2F11spdb21f4!19sChIJK-nKOfP3cg0RL4RVP8V-qJE?authuser=0&hl=es&rclk=1,Ferreteria,Ferretería,"C. Cuenca, 1, Cdad. Jardín, 29014 Málaga","{""jueves"":[""9:00–14:00"",""16:30–20:00""]}",{},,952 25 21 16,QH2H+9J Málaga,0,4.400000,"{""1"":0,""2"":0,""3"":0,""4"":0,""5"":0}",36.750971,-4.420969,10495778317223167023,,,,https://lh3.googleusercontent.com/gps-cs-s/AHVAwer0mvyDwuu0pJluSPKXk6KV3qbW4qiChgNyNbKjkmz-4TArONLkGX5aeVZpJeQxL2I62pztk-kkZMpURuji_YaMBWq6d7HpBwriwwxWHv4_BiYEyaJv-Mj2lRadLBh9KozwFU82EDWf-scl=w408-h306-k-no,Europe/Madrid,,0xd72f7f339cae92b:0x91a87ec53f55842f,ChIJK-nKOfP3cg0RL4RVP8V-qJE,[],null,null,"{""link"":"""",""source"":""""}","{""id"":"""",""name"":""Ferreteria (propietario)"",""link"":""""}","{""borough"":""Ciudad Jardín"",""street"":""C. Cuenca, 1"",""city"":""Málaga"",""postal_code"":""29014"",""state"":""Málaga"",""country"":""ES""}","[{""id"":""accessibility"",""name"":""Accesibilidad"",""options"":[{""name"":""Acceso para sillas de ruedas"",""enabled"":true},{""name"":""Aparcamiento adaptado para sillas de ruedas"",""enabled"":false}]}]",[],null,
82c38eb0-0b47-49bf-ba31-573e7db4e1a5,https://www.google.com/maps/place/Suministros+Pepe+Bravo/data=!4m7!3m6!1s0xd72e2250f325071:0xb9d91b599a56f061!8m2!3d36.5465794!4d-4.6444098!16s%2Fg%2F11_dqy5xf!19sChIJcVAyDyXicg0RYfBWmlkb2bk?authuser=0&hl=es&rclk=1,Suministros Pepe Bravo,Empresa de suministros industriales,"Cam. de Campanales, 29651 Mijas, Málaga","{""jueves"":[""7:30–15:30""]}",{},,952 66 68 84,G9W4+J6 Mijas,0,4.800000,"{""1"":0,""2"":0,""3"":0,""4"":0,""5"":0}",36.546579,-4.644410,13391765038618308705,,,,https://lh3.googleusercontent.com/gps-cs-s/AHVAwepGDkRStatRh9AwbhTSarR-tHmHU0L4HzU7UDIOItO0qyvuVI6BnOco2mxkfIMJCpenllwlVUC3Ge0eaN24_ra2WS6u07D0jRs4mucsqL0aK-thoyvp9G_PxIxmp7S2_z9_ael9kQ=w408-h306-k-no,Europe/Madrid,,0xd72e2250f325071:0xb9d91b599a56f061,ChIJcVAyDyXicg0RYfBWmlkb2bk,[],null,null,"{""link"":"""",""source"":""""}","{""id"":""117606859987639618494"",""name"":""Suministros Pepe Bravo (propietario)"",""link"":""https://www.google.com/maps/contrib/117606859987639618494""}","{""borough"":"""",""street"":""Cam. de Campanales"",""city"":""Mijas"",""postal_code"":""29651"",""state"":""Málaga"",""country"":""ES""}","[{""id"":""accessibility"",""name"":""Accesibilidad"",""options"":[{""name"":""Acceso para sillas de ruedas"",""enabled"":true}]}]",[],null,
82c38eb0-0b47-49bf-ba31-573e7db4e1a5,https://www.google.com/maps/place/Ferreter%C3%ADa+Pepe+e+Hijos/data=!4m7!3m6!1s0xc6ae59c853b7321:0xa8e8364be4c1b324!8m2!3d28.0887415!4d-17.1171844!16s%2Fg%2F12qgz0sl1!19sChIJIXM7hZzlagwRJLPB5Es26Kg?authuser=0&hl=es&rclk=1,Ferretería Pepe e Hijos,Ferretería,"Barranco la Concepción, 0, 38800 San Sebastián de La Gomera, Santa Cruz de Tenerife","{""jueves"":[""8:00–13:00"",""15:00–18:00""]}",{},,922 87 01 31,3VQM+F4 San Sebastián de La Gomera,0,4.900000,"{""1"":0,""2"":0,""3"":0,""4"":0,""5"":0}",28.088741,-17.117184,12171037692557112100,,,,https://streetviewpixels-pa.googleapis.com/v1/thumbnail?panoid=bgJALXrw81dxsFNoRae93g&cb_client=search.gws-prod.gps&w=408&h=240&yaw=198.19705&pitch=0&thumbfov=100,Atlantic/Canary,,0xc6ae59c853b7321:0xa8e8364be4c1b324,ChIJIXM7hZzlagwRJLPB5Es26Kg,[],null,null,"{""link"":"""",""source"":""""}","{""id"":"""",""name"":""Ferretería Pepe e Hijos (propietario)"",""link"":""""}","{""borough"":"""",""street"":""Barranco la Concepción, 0"",""city"":""San Sebastián de La Gomera"",""postal_code"":""38800"",""state"":""Santa Cruz de Tenerife"",""country"":""ES""}","[{""id"":""accessibility"",""name"":""Accesibilidad"",""options"":[{""name"":""Aparcamiento adaptado para sillas de ruedas"",""enabled"":false}]}]",[],null,
82c38eb0-0b47-49bf-ba31-573e7db4e1a5,https://www.google.com/maps/place/Ferreteria+De+Pepe/data=!4m7!3m6!1s0xd16e4424a8595f7:0xb6ecefaea54a737c!8m2!3d38.8898496!4d-6.9827927!16s%2Fg%2F11j8l_btgx!19sChIJ95WFSkLkFg0RfHNKpa7v7LY?authuser=0&hl=es&rclk=1,Ferreteria De Pepe,Tienda de materiales para la construcción,"Av. Carolina Coronado, 20, 24, 06006 Badajoz",{},{},,,V2Q8+WV Badajoz,0,3.300000,"{""1"":0,""2"":0,""3"":0,""4"":0,""5"":0}",38.889850,-6.982793,13181173742783067004,,,,https://streetviewpixels-pa.googleapis.com/v1/thumbnail?panoid=BRfHyYEYsYKF4N5h2Vjs7A&cb_client=search.gws-prod.gps&w=408&h=240&yaw=279.14502&pitch=0&thumbfov=100,Europe/Madrid,,0xd16e4424a8595f7:0xb6ecefaea54a737c,ChIJ95WFSkLkFg0RfHNKpa7v7LY,[],null,null,"{""link"":"""",""source"":""""}","{""id"":""100126476856553494481"",""name"":""Ferreteria De Pepe (propietario)"",""link"":""https://www.google.com/maps/contrib/100126476856553494481""}","{""borough"":"""",""street"":""Av. Carolina Coronado, 20, 24"",""city"":""Badajoz"",""postal_code"":""06006"",""state"":""Badajoz"",""country"":""ES""}","[{""id"":""accessibility"",""name"":""Accesibilidad"",""options"":[{""name"":""Acceso para sillas de ruedas"",""enabled"":true}]}]",[],null,
82c38eb0-0b47-49bf-ba31-573e7db4e1a5,https://www.google.com/maps/place/Ferreter%C3%ADa+Becerra/data=!4m7!3m6!1s0xd728d30f136bddb:0x4f18303b3983975d!8m2!3d36.9318204!4d-4.5283751!16s%2Fg%2F11jgcdf9pf!19sChIJ27028TCNcg0RXZeDOTswGE8?authuser=0&hl=es&rclk=1,Ferretería Becerra,Ferretería,"Av. de la Libertad, 19, 29230 Villanueva de la Concepción, Málaga","{""jueves"":[""8:30–14:00"",""16:00–20:00""]}",{},,628 20 22 79,WFJC+PJ Villanueva de la Concepción,0,4.700000,"{""1"":0,""2"":0,""3"":0,""4"":0,""5"":0}",36.931820,-4.528375,5699358359363491677,,,,https://lh3.googleusercontent.com/p/AF1QipOdUEeLJWQt6VUup5XOwxrIiHa0cpbLLC4VW_Kj=w408-h295-k-no,Europe/Madrid,,0xd728d30f136bddb:0x4f18303b3983975d,ChIJ27028TCNcg0RXZeDOTswGE8,[],null,null,"{""link"":"""",""source"":""""}","{""id"":""110386373081922453426"",""name"":""Ferretería Becerra (propietario)"",""link"":""https://www.google.com/maps/contrib/110386373081922453426""}","{""borough"":"""",""street"":""Av. de la Libertad, 19"",""city"":""Villanueva de la Concepción"",""postal_code"":""29230"",""state"":""Málaga"",""country"":""ES""}","[{""id"":""accessibility"",""name"":""Accesibilidad"",""options"":[{""name"":""Acceso para sillas de ruedas"",""enabled"":true}]}]",[],null,
82c38eb0-0b47-49bf-ba31-573e7db4e1a5,https://www.google.com/maps/place/BdB+Costagres/data=!4m7!3m6!1s0xd725a1d31e940d3:0x39cda0586f0c051f!8m2!3d36.7152389!4d-4.3136626!16s%2Fg%2F11c521gq9s!19sChIJ00DpMR1acg0RHwUMb1igzTk?authuser=0&hl=es&rclk=1,BdB Costagres,Tienda de materiales para la construcción,"Av. de Málaga, 98, 29720 La Cala del Moral, Málaga","{""jueves"":[""9:00–13:30"",""16:00–20:00""]}",{},https://bdbcostagres.com/,952 40 68 20,PM8P+3G La Cala del Moral,0,4.500000,"{""1"":0,""2"":0,""3"":0,""4"":0,""5"":0}",36.715239,-4.313663,4165161532068201759,,,,https://lh3.googleusercontent.com/gps-cs-s/AHVAwerGTS-eWP_-3TxkO0qqIKbXTB-Ju3l2MhWmcgbndDFbobMLYBum8DR0TY7fhvBs6_Jeyp41NR9popY8S50C15aCs4hMKojFrG_-FfVWfXHMwlAmBy6iAKMz7qq9A2SdV8qc3vJi=w408-h286-k-no,Europe/Madrid,,0xd725a1d31e940d3:0x39cda0586f0c051f,ChIJ00DpMR1acg0RHwUMb1igzTk,[],null,null,"{""link"":"""",""source"":""""}","{""id"":""117101081261319277613"",""name"":""BdB Costagres (propietario)"",""link"":""https://www.google.com/maps/contrib/117101081261319277613""}","{""borough"":"""",""street"":""Av. de Málaga, 98"",""city"":""La Cala del Moral"",""postal_code"":""29720"",""state"":""Málaga"",""country"":""ES""}","[{""id"":""accessibility"",""name"":""Accesibilidad"",""options"":[{""name"":""Acceso para sillas de ruedas"",""enabled"":true},{""name"":""Aparcamiento adaptado para sillas de ruedas"",""enabled"":true}]}]",[],null,
82c38eb0-0b47-49bf-ba31-573e7db4e1a5,https://www.google.com/maps/place/Ferreter%C3%ADa+Meba/data=!4m7!3m6!1s0xd725836fa99d93b:0x782bfe015fbad91c!8m2!3d36.7204891!4d-4.3635972!16s%2Fg%2F11ckqqq6ll!19sChIJO9mZ-jZYcg0RHNm6XwH-K3g?authuser=0&hl=es&rclk=1,Ferretería Meba,Ferretería,"Av. Pío Baroja, 15, Málaga-Este, 29017 Málaga","{""jueves"":[""9:30–13:30"",""17:00–20:30""]}",{},,952 29 89 98,PJCP+5H Málaga,0,4.700000,"{""1"":0,""2"":0,""3"":0,""4"":0,""5"":0}",36.720489,-4.363597,8659293990404413724,,,,https://lh3.googleusercontent.com/p/AF1QipPIXRaBVena8k_SA1c9o_IAbm7WHDSTLk_-IRbg=w426-h240-k-no,Europe/Madrid,,0xd725836fa99d93b:0x782bfe015fbad91c,ChIJO9mZ-jZYcg0RHNm6XwH-K3g,[],null,null,"{""link"":"""",""source"":""""}","{""id"":""102955920639982525134"",""name"":""Ferretería Meba (propietario)"",""link"":""https://www.google.com/maps/contrib/102955920639982525134""}","{""borough"":""Málaga-Este"",""street"":""Av. Pío Baroja, 15"",""city"":""Málaga"",""postal_code"":""29017"",""state"":""Málaga"",""country"":""ES""}","[{""id"":""accessibility"",""name"":""Accesibilidad"",""options"":[{""name"":""Aparcamiento adaptado para sillas de ruedas"",""enabled"":false}]}]",[],null,
82c38eb0-0b47-49bf-ba31-573e7db4e1a5,https://www.google.com/maps/place/Comercial+Ferreter%C3%ADa+Gran+Rey/data=!4m7!3m6!1s0xc6b1d56ca5260bd:0x2c2623313394fb57!8m2!3d28.0868863!4d-17.3347503!16s%2Fg%2F11g10l8fsq!19sChIJvWBSylYdawwRV_uUMzEjJiw?authuser=0&hl=es&rclk=1,Comercial Ferretería Gran Rey,Ferretería,"C. la Palomera, 4, 38870 Valle Gran Rey, Santa Cruz de Tenerife","{""jueves"":[""8:00–13:00"",""16:00–20:00""]}",{},,922 80 55 06,3MP8+Q3 Valle Gran Rey,0,4.500000,"{""1"":0,""2"":0,""3"":0,""4"":0,""5"":0}",28.086886,-17.334750,3181268881009605463,,,,https://streetviewpixels-pa.googleapis.com/v1/thumbnail?panoid=MGLdafyRANolcR6_45BtSg&cb_client=search.gws-prod.gps&w=408&h=240&yaw=63.97346&pitch=0&thumbfov=100,Atlantic/Canary,,0xc6b1d56ca5260bd:0x2c2623313394fb57,ChIJvWBSylYdawwRV_uUMzEjJiw,[],null,null,"{""link"":"""",""source"":""""}","{""id"":"""",""name"":""Comercial Ferretería Gran Rey (propietario)"",""link"":""""}","{""borough"":"""",""street"":""C. la Palomera, 4"",""city"":""Valle Gran Rey"",""postal_code"":""38870"",""state"":""Santa Cruz de Tenerife"",""country"":""ES""}",null,[],null,
82c38eb0-0b47-49bf-ba31-573e7db4e1a5,https://www.google.com/maps/place/FERRETERIA+PEPE/data=!4m7!3m6!1s0x967e08cf4611ad8b:0xc623afcded1a20e!8m2!3d-32.8627456!4d-68.8216304!16s%2Fg%2F11b7c78ln4!19sChIJi60RRs8IfpYRDqLR3vw6Ygw?authuser=0&hl=es&rclk=1,FERRETERIA PEPE,Ferretería,"Moyano 5539, M5539 Mendoza, Argentina","{""jueves"":[""8:30–12:30"",""16:30–19:30""]}",{},http://ferreteriapepe.com/,+54 261 512-0983,"45PH+W8 Mendoza, Capital, Mendoza, Argentina",0,4.400000,"{""1"":0,""2"":0,""3"":0,""4"":0,""5"":0}",-32.862746,-68.821630,892340533917229582,,,,https://lh3.googleusercontent.com/gps-proxy/ALd4DhFysHZ-w5IGBK04kFOVdIHI9WEPVaq-TZLp86WgsIPdId23-IYbbRsEnd0-PrVxXkPmPNQp-a5dN5VBtKI1Iiz6pL-ZWU8qSNrUpzyxdkhDYl8BVlMfSzqNkPR22d7chZr8ZuYoYtuipEUFeO3G6SVY1X1L2EXDO2PYHKtjDbE6yevEEuNRw4aJinIKT7lu2BfR-Wc=w408-h306-k-no,America/Mendoza,,0x967e08cf4611ad8b:0xc623afcded1a20e,ChIJi60RRs8IfpYRDqLR3vw6Ygw,[],null,null,"{""link"":"""",""source"":""""}","{""id"":""100621704159920718939"",""name"":""FERRETERIA PEPE (propietario)"",""link"":""https://www.google.com/maps/contrib/100621704159920718939""}","{""borough"":"""",""street"":""Moyano 5539"",""city"":"""",""postal_code"":""M5539"",""state"":""Mendoza"",""country"":""AR""}",null,[],null,
82c38eb0-0b47-49bf-ba31-573e7db4e1a5,https://www.google.com/maps/place/Bazar+Molina/data=!4m7!3m6!1s0xd721314be3b68dd:0x941251b13dd02cad!8m2!3d37.0048197!4d-3.991644!16s%2Fg%2F11gpn2_cxs!19sChIJ3Wg7vhQTcg0RrSzQPbFREpQ?authuser=0&hl=es&rclk=1,Bazar Molina,Ferretería,"Carretèra Vélez Málaga, 6B, 18120 Alhama de Granada, Granada","{""jueves"":[""8:00–14:00"",""17:00–20:30""]}",{},https://www.bazarmolina.com/,698 92 80 91,2235+W8 Alhama de Granada,0,4.900000,"{""1"":0,""2"":0,""3"":0,""4"":0,""5"":0}",37.004820,-3.991644,10669680288882240685,,,,https://lh3.googleusercontent.com/gps-cs-s/AHVAwepPzyBg-RINj2dZHm1i-FrLA5WuvdNPNDHRO-EFjyzcR_RAKclbAfaRe28tRHVuTCr5IUdbzD9BTRUzCDI7QyYgnt7tzWswaUDG5KQYChWkW1laWQdfxkF4gFyGS2qYxjRtzw10pQ=w513-h240-k-no,Europe/Madrid,,0xd721314be3b68dd:0x941251b13dd02cad,ChIJ3Wg7vhQTcg0RrSzQPbFREpQ,[],null,null,"{""link"":"""",""source"":""""}","{""id"":""118042727670871957254"",""name"":""Bazar Molina (propietario)"",""link"":""https://www.google.com/maps/contrib/118042727670871957254""}","{""borough"":"""",""street"":""Carretèra Vélez Málaga, 6B"",""city"":""Alhama de Granada"",""postal_code"":""18120"",""state"":""Granada"",""country"":""ES""}","[{""id"":""accessibility"",""name"":""Accesibilidad"",""options"":[{""name"":""Acceso para sillas de ruedas"",""enabled"":true}]}]",[],null,
82c38eb0-0b47-49bf-ba31-573e7db4e1a5,https://www.google.com/maps/place/Ferreter%C3%ADa+San+Fernando/data=!4m7!3m6!1s0xd16e442357c2cc7:0xcbe3bda078623b17!8m2!3d38.8898912!4d-6.9827724!16s%2Fg%2F11b6v4jhgj!19sChIJxyx8NULkFg0RFztieKC948s?authuser=0&hl=es&rclk=1,Ferretería San Fernando,Comercio,"Av. Carolina Coronado, 49, 06006 Badajoz",{},{},,924 27 02 25,V2Q8+XV Badajoz,0,4.800000,"{""1"":0,""2"":0,""3"":0,""4"":0,""5"":0}",38.889891,-6.982772,14691794906324810519,,,,https://streetviewpixels-pa.googleapis.com/v1/thumbnail?panoid=ad-TR2U_yzZcZXWnlHYJdA&cb_client=search.gws-prod.gps&w=408&h=240&yaw=331.80307&pitch=0&thumbfov=100,Europe/Madrid,,0xd16e442357c2cc7:0xcbe3bda078623b17,ChIJxyx8NULkFg0RFztieKC948s,[],null,null,"{""link"":"""",""source"":""""}","{""id"":""107610258458062015982"",""name"":""Ferretería San Fernando (propietario)"",""link"":""https://www.google.com/maps/contrib/107610258458062015982""}","{""borough"":"""",""street"":""Av. Carolina Coronado, 49"",""city"":""Badajoz"",""postal_code"":""06006"",""state"":""Badajoz"",""country"":""ES""}","[{""id"":""accessibility"",""name"":""Accesibilidad"",""options"":[{""name"":""Aparcamiento adaptado para sillas de ruedas"",""enabled"":false}]}]",[],null,
82c38eb0-0b47-49bf-ba31-573e7db4e1a5,https://www.google.com/maps/place/Ferreteria+Pepe/data=!4m7!3m6!1s0xd401dfedcad5271:0xe82a5d7b16463a64!8m2!3d39.9609882!4d-4.818166!16s%2Fg%2F11jt6gsntw!19sChIJcVKt3P4dQA0RZDpGFntdKug?authuser=0&hl=es&rclk=1,Ferreteria Pepe,Ferretería,"C. Gregorio de los Ríos, 1, 45600 Talavera de la Reina, Toledo",{},{},http://www.ferreteriapepe.es/,925 87 87 87,X56J+9P Talavera de la Reina,0,0.000000,"{""1"":0,""2"":0,""3"":0,""4"":0,""5"":0}",39.960988,-4.818166,16729286549057190500,,,,https://streetviewpixels-pa.googleapis.com/v1/thumbnail?panoid=zR6GiAnyRBwQ4HaAxHCAsw&cb_client=search.gws-prod.gps&w=408&h=240&yaw=80.92652&pitch=0&thumbfov=100,Europe/Madrid,,0xd401dfedcad5271:0xe82a5d7b16463a64,ChIJcVKt3P4dQA0RZDpGFntdKug,[],null,null,"{""link"":"""",""source"":""""}","{""id"":"""",""name"":""Ferreteria Pepe (propietario)"",""link"":""""}","{""borough"":"""",""street"":""C. Gregorio de los Ríos, 1"",""city"":""Talavera de la Reina"",""postal_code"":""45600"",""state"":""Toledo"",""country"":""ES""}","[{""id"":""accessibility"",""name"":""Accesibilidad"",""options"":[{""name"":""Acceso para sillas de ruedas"",""enabled"":true}]}]",[],null,
82c38eb0-0b47-49bf-ba31-573e7db4e1a5,https://www.google.com/maps/place/Torniller%C3%ADa+Malague%C3%B1a/data=!4m7!3m6!1s0xd72f77681964f15:0x4d1864f13504f1c1!8m2!3d36.7047773!4d-4.4711047!16s%2Fg%2F1tdp1tx1!19sChIJFU-WgXb3cg0RwfEENfFkGE0?authuser=0&hl=es&rclk=1,Tornillería Malagueña,Ferretería,"n° 52, C. Bahía Blanca, Cruz de Humilladero, 29006 Málaga","{""jueves"":[""8:30–14:00"",""16:00–18:00""]}",{},http://www.tornilleriamalaguena.com/,952 31 30 50,PG3H+WH Málaga,0,4.400000,"{""1"":0,""2"":0,""3"":0,""4"":0,""5"":0}",36.704777,-4.471105,5555301127500919233,,,,https://lh3.googleusercontent.com/gps-cs-s/AHVAweqg51-hJFy8oA7rGdeg0gysgFlrFUJMYanlDKWlpSmzcqojxD6gFsyKtn0DLkUrPxX1QKCW8_t8V2-Ax-g_2Uut7ch1hH8JhJ4mWasWa8BktmyIOJgWdyysvVDPvYcbWmi3UOHR=w408-h544-k-no,Europe/Madrid,,0xd72f77681964f15:0x4d1864f13504f1c1,ChIJFU-WgXb3cg0RwfEENfFkGE0,[],null,null,"{""link"":"""",""source"":""""}","{""id"":""113432765164772040024"",""name"":""Tornillería Malagueña (propietario)"",""link"":""https://www.google.com/maps/contrib/113432765164772040024""}","{""borough"":""Cruz de Humilladero"",""street"":""n° 52, C. Bahía Blanca"",""city"":""Málaga"",""postal_code"":""29006"",""state"":""Málaga"",""country"":""ES""}","[{""id"":""accessibility"",""name"":""Accesibilidad"",""options"":[{""name"":""Aparcamiento adaptado para sillas de ruedas"",""enabled"":false}]}]",[],null,
82c38eb0-0b47-49bf-ba31-573e7db4e1a5,https://www.google.com/maps/place/Pintureria+Y+Ferreteria+PEPE/data=!4m7!3m6!1s0x95bc826652a7f111:0xddac0a8311c40ea5!8m2!3d-34.443911!4d-58.9755409!16s%2Fg%2F11g8vw0p6r!19sChIJEfGnUmaCvJURpQ7EEYMKrN0?authuser=0&hl=es&rclk=1,Pintureria Y Ferreteria PEPE,Ferretería,"Cno. Gral. San Antonio 785, B1633 Fatima, Provincia de Buenos Aires, Argentina","{""jueves"":[""8:00–18:00""]}",{},,+54 11 5906-7557,"H24F+CQ Fatima, Provincia de Buenos Aires, Argentina",0,4.600000,"{""1"":0,""2"":0,""3"":0,""4"":0,""5"":0}",-34.443911,-58.975541,15973153536431361701,,,,https://lh3.googleusercontent.com/gps-cs-s/AHVAweq6thAHvgYnoRIgMwHCMwgQm2j0Aqnm5pJL1wvkyRRk3ohdNziMK2g8ZP3MbzYHZwA5uovsUm1_LxcKoNTGJKXu39xjf4OsbDtuUV_nq5cnBgbc9vyfBuWEzwr6gA04W1gBC6zB=w408-h306-k-no,America/Buenos_Aires,,0x95bc826652a7f111:0xddac0a8311c40ea5,ChIJEfGnUmaCvJURpQ7EEYMKrN0,[],null,null,"{""link"":"""",""source"":""""}","{""id"":""111341437134267664854"",""name"":""Pintureria Y Ferreteria PEPE (propietario)"",""link"":""https://www.google.com/maps/contrib/111341437134267664854""}","{""borough"":"""",""street"":""Cno. Gral. San Antonio 785"",""city"":""Fatima"",""postal_code"":"""",""state"":""Provincia de Buenos Aires"",""country"":""AR""}","[{""id"":""accessibility"",""name"":""Accesibilidad"",""options"":[{""name"":""Acceso para sillas de ruedas"",""enabled"":true}]}]",[],null,
82c38eb0-0b47-49bf-ba31-573e7db4e1a5,https://www.google.com/maps/place/Electricidad+Dayjo/data=!4m7!3m6!1s0xd72f756e713f20d:0xa3824b88de4135ea!8m2!3d36.70219!4d-4.4724199!16s%2Fg%2F11byyj2_ys!19sChIJDfIT51b3cg0R6jVB3ohLgqM?authuser=0&hl=es&rclk=1,Electricidad Dayjo,Tienda de iluminación,"C. París, 46, Cruz de Humilladero, 29006 Málaga","{""jueves"":[""7:00–18:00""]}",{},https://www.dayjo.es/,952 34 50 00,PG2H+V2 Málaga,0,4.600000,"{""1"":0,""2"":0,""3"":0,""4"":0,""5"":0}",36.702190,-4.472420,11782062626371089898,,,,https://lh3.googleusercontent.com/p/AF1QipPuwrtYevbtj0Ffb5PreBiNOSCSFIjQM8jvGISE=w408-h270-k-no,Europe/Madrid,,0xd72f756e713f20d:0xa3824b88de4135ea,ChIJDfIT51b3cg0R6jVB3ohLgqM,[],null,null,"{""link"":"""",""source"":""""}","{""id"":""101367442073955615184"",""name"":""Electricidad Dayjo (propietario)"",""link"":""https://www.google.com/maps/contrib/101367442073955615184""}","{""borough"":""Cruz de Humilladero"",""street"":""C. París, 46"",""city"":""Málaga"",""postal_code"":""29006"",""state"":""Málaga"",""country"":""ES""}","[{""id"":""accessibility"",""name"":""Accesibilidad"",""options"":[{""name"":""Acceso para sillas de ruedas"",""enabled"":true}]}]",[],null,
82c38eb0-0b47-49bf-ba31-573e7db4e1a5,https://www.google.com/maps/place/Ferreteria+Pepe/data=!4m7!3m6!1s0x8ea561a8c3b2bc1b:0xfdfc91eafd2ab44f!8m2!3d18.4292496!4d-69.9927618!16s%2Fg%2F11h8l02z38!19sChIJG7yyw6hhpY4RT7Qq_eqR_P0?authuser=0&hl=es&rclk=1,Ferreteria Pepe,,República Dominicana,{},{},,,,0,5.000000,"{""1"":0,""2"":0,""3"":0,""4"":0,""5"":0}",18.429250,-69.992762,18301663424182662223,,,,https://streetviewpixels-pa.googleapis.com/v1/thumbnail?panoid=RiWpCA0bZHUeMHi3ghAkXw&cb_client=search.gws-prod.gps&w=408&h=240&yaw=309.6056&pitch=0&thumbfov=100,America/Santo_Domingo,,0x8ea561a8c3b2bc1b:0xfdfc91eafd2ab44f,ChIJG7yyw6hhpY4RT7Qq_eqR_P0,[],null,null,"{""link"":"""",""source"":""""}","{""id"":"""",""name"":""Ferreteria Pepe (propietario)"",""link"":""""}","{""borough"":"""",""street"":"""",""city"":"""",""postal_code"":"""",""state"":"""",""country"":""""}",null,[],null,
82c38eb0-0b47-49bf-ba31-573e7db4e1a5,https://www.google.com/maps/place/Ferreter%C3%ADa+Pepe/data=!4m7!3m6!1s0xd64df15c505667b:0x74e3354516a5109a!8m2!3d37.5628462!4d-1.8081899!16s%2Fg%2F11c6mbfkgq!19sChIJe2YFxRXfZA0RmhClFkU143Q?authuser=0&hl=es&rclk=1,Ferretería Pepe,Ferretería,"Calle Lorca, 13, 30890 Puerto Lumbreras, Murcia","{""jueves"":[""9:30–20:30""]}",{},http://komerco.es/@ferreteriapepe,968 40 22 93,H57R+4P Puerto Lumbreras,0,4.300000,"{""1"":0,""2"":0,""3"":0,""4"":0,""5"":0}",37.562846,-1.808190,8422634298961891482,,,,https://lh3.googleusercontent.com/p/AF1QipOl_stEeSyU3fbmGYf7VIIWjEY5DMLeGlY4dxZF=w408-h306-k-no,Europe/Madrid,,0xd64df15c505667b:0x74e3354516a5109a,ChIJe2YFxRXfZA0RmhClFkU143Q,[],null,null,"{""link"":"""",""source"":""""}","{""id"":""113090751534910238474"",""name"":""Ferretería Pepe (propietario)"",""link"":""https://www.google.com/maps/contrib/113090751534910238474""}","{""borough"":"""",""street"":""Calle Lorca, 13"",""city"":""Puerto Lumbreras"",""postal_code"":""30890"",""state"":""Murcia"",""country"":""ES""}",null,[],null,
82c38eb0-0b47-49bf-ba31-573e7db4e1a5,https://www.google.com/maps/place/FERRERMADERA+2000+S.L/data=!4m7!3m6!1s0xd726a11f6774325:0x5cb1c86c5676dec4!8m2!3d36.8898842!4d-4.1462224!16s%2Fg%2F1z44bhpq0!19sChIJJUN39hFqcg0RxN52VmzIsVw?authuser=0&hl=es&rclk=1,FERRERMADERA 2000 S.L,Ferretería,"C. Cruce de Don Manuel, 8A, 29713, Málaga","{""jueves"":[""9:00–14:00"",""15:30–19:30""]}",{},http://www.ferrermadera.com/,952 51 09 19,VVQ3+XG Puente de Salia,0,4.700000,"{""1"":0,""2"":0,""3"":0,""4"":0,""5"":0}",36.889884,-4.146222,6679340089999810244,,,,https://lh3.googleusercontent.com/p/AF1QipONbY6MdVy-StMm_kgammNnm-k3rg83kjkjBHXn=w408-h272-k-no,Europe/Madrid,,0xd726a11f6774325:0x5cb1c86c5676dec4,ChIJJUN39hFqcg0RxN52VmzIsVw,[],null,null,"{""link"":"""",""source"":""""}","{""id"":""116890613266699476036"",""name"":""FERRERMADERA 2000 S.L (propietario)"",""link"":""https://www.google.com/maps/contrib/116890613266699476036""}","{""borough"":"""",""street"":""C. Cruce de Don Manuel, 8A"",""city"":"""",""postal_code"":""29713"",""state"":""Málaga"",""country"":""ES""}","[{""id"":""accessibility"",""name"":""Accesibilidad"",""options"":[{""name"":""Acceso para sillas de ruedas"",""enabled"":true}]}]",[],null,
82c38eb0-0b47-49bf-ba31-573e7db4e1a5,https://www.google.com/maps/place/PEPE+FERRETERIA/data=!4m7!3m6!1s0x8eaf8b361c2ea397:0xdb17d37f882771!8m2!3d18.54348!4d-70.0432709!16s%2Fg%2F11gbzcqm4l!19sChIJl6MuHDaLr44RcSeIf9MX2wA?authuser=0&hl=es&rclk=1,PEPE FERRETERIA,Tienda de artículos para el hogar,"GXV4+9MX PEPE FERRETERIA, Santo Domingo, República Dominicana","{""jueves"":[""8:00–18:00""]}",{},,+1 829-423-4040,,0,4.000000,"{""1"":0,""2"":0,""3"":0,""4"":0,""5"":0}",18.543480,-70.043271,61669217044801393,,,,https://lh3.googleusercontent.com/gps-cs-s/AHVAweqE6fjRmuhm0ixE0nw8P3trOMgV1Gt4YUlnbMfzBMrsYwYrReehrV7D2QGuzLpnpVpVMvxdrk8IA3glcoWL3l15dgPei6UggLVbcVqEDZD6l51NyeBiBi1NGH1tGMCGOkhHoKLgeA=w426-h240-k-no,America/Santo_Domingo,,0x8eaf8b361c2ea397:0xdb17d37f882771,ChIJl6MuHDaLr44RcSeIf9MX2wA,[],null,null,"{""link"":"""",""source"":""""}","{""id"":"""",""name"":""PEPE FERRETERIA (propietario)"",""link"":""""}","{""borough"":"""",""street"":""GXV4+9MX"",""city"":""Santo Domingo"",""postal_code"":"""",""state"":"""",""country"":""DO""}",null,[],null,
